{
   "languages":
   {
      "C":
      {
         "platforms":
         [
            "Windows", ["X86_64", "X86"]
         ],
         "host": ["Windows", "X86_64"],
         "sources": [ ".c" ],
         "types":
         {
            "executable": 
            {
               "endings": [".exe", ".pdb"],
               "commands":
               [  
                  "cd [BUILD_DIRECTORY]",
                  {
                     "if": "OS=Windows",
                     "then":
                     [
                        {
                           "if": "ARCH=X86",
                           "then": "vcvarsall x86"
                        },
                        {
                           "if": "ARCH=X86_64",
                           "then": "vcvarsall x86_amd64"
                        },
                        {
                           "if": "OPT=true",
                           "then":
                           {
                              "if": "TRUE(DebugEnabled)",
                              "then": "cl /O2 /Zi /Fe[PROJECT_NAME] [SOURCES] /link [DEPENDENCIES]",
                              "else": "cl /O2 /Fe[PROJECT_NAME] [SOURCES] /link [DEPENDENCIES]"
                           },
                           "else":
                           {
                              "if": "TRUE(DebugEnabled)",
                              "then": "cl /Od /Zi /Fe[PROJECT_NAME] [SOURCES] /link [DEPENDENCIES]",
                              "else": "cl /Od /Fe[PROJECT_NAME] [SOURCES] /link [DEPENDENCIES]"
                           }
                        }
                     ],
                     "else": "echo Windows pConfig on non-Windows platform"
                  }
               ]
            },
            "dynamic": 
            {
               "endings": [".dll", ".lib"],
               "commands":
               [
                  "cd [BUILD_DIRECTORY]",
                  {
                     "if": "OS=Windows",
                     "then":
                     [
                        {
                           "if": "ARCH=X86",
                           "then": "vcvarsall x86"
                        },
                        {
                           "if": "ARCH=X86_64",
                           "then": "vcvarsall x86_amd64"
                        },
                        "echo LIBRARY [PROJECT_NAME] > ./exports.def",
                        "echo EXPORTS >> ./exports.def",
                        "(for %a in ([VAR exports]) do ( echo \t %a >> ./exports.def )) 1> nul",
                        {
                           "if": "OPT=true",
                           "then": 
                           {
                              "if": "TRUE(DebugEnabled)",
                              "then": "cl /O2 /Zi [SOURCES] /link /DLL /OUT:[PROJECT_NAME].dll /DEF:exports.def [DEPENDENCIES]",
                              "else": "cl /O2 [SOURCES] /link /DLL /OUT:[PROJECT_NAME].dll /DEF:exports.def [DEPENDENCIES]"
                           },
                           "else":
                           {
                              "if": "TRUE(DebugEnabled)",
                              "then": "cl /Od /Zi [SOURCES] /link /DLL /OUT:[PROJECT_NAME].dll /DEF:exports.def [DEPENDENCIES]",
                              "else": "cl /Od [SOURCES] /link /DLL /OUT:[PROJECT_NAME].dll /DEF:exports.def [DEPENDENCIES]"
                           }
                        }
                     ],
                     "else": "echo Windows pConfig on non-Windows platform"
                  }
               ]
            },
            "static": 
            {
               "endings": ".lib",
               "commands":
               [
                  "cd [BUILD_DIRECTORY]",
                  {
                     "if": "OS=Windows",
                     "then":
                     [
                        {
                           "if": "ARCH=X86",
                           "then": "vcvarsall x86"
                        },
                        {
                           "if": "ARCH=X86_64",
                           "then": "vcvarsall x86_amd64"
                        },
                        {
                           "if": "OPT=true",
                           "then": 
                           {
                              "if": "TRUE(DebugEnabled)",
                              "then": "cl /O2 /Zi /c [SOURCES]",
                              "else": "cl /O2 /c [SOURCES]"
                           },
                           "else":
                           {
                              "if": "TRUE(DebugEnabled)",
                              "then": "cl /Od /Zi /c [SOURCES]",
                              "else": "cl /Od /c [SOURCES]"
                           }
                        },
                        "lib /out:[PROJECT_NAME].lib *.obj"
                     ],
                     "else": "echo Windows pConfig on non-Windows platform"
                  }
               ]
            }
         }
      }
   }
}