{
   "languages":
   {
      "D":
      {
         "platforms": ["Windows", ["X86_64", "X86"]],
         "host": ["Windows", "X86_64"],
         "sources": [ ".d" ],
         "types":
         {
            "executable":
            {
               "endings": ".exe",
               "commands":
               [
                  "cd [BUILD_DIRECTORY]",
                  {
                     "if": "OS=Windows",
                     "then":
                     [
                        {
                           "if": "ARCH=X86",
                           "then": 
                           [
                              "dmd2vars32",
                              "dmd -m32 -of[PROJECT_NAME].exe [SOURCES]"
                           ]
                        },
                        {
                           "if": "ARCH=X86_64",
                           "then": 
                           [
                              "dmd2vars64",
                              "dmd -m64 -of[PROJECT_NAME].exe [SOURCES]"
                           ]
                        }
                     ],
                     "else": "echo Windows pConfig on non-Windows platform"
                  }
               ]
            }
         }
      }
   }
}